"","CAX","MAS","VB.","BIF","BBS","NNN","YAS","RNF","UDZ","BCI","YAN","COU","KRP","PSH"
"1",0.288013792062585,0.28395199305411,0.288885297355753,0.277165159329341,0.280021411752603,0.276850797783906,0.299024888660961,0.277028060161956,0.274523477613165,0.288523137335762,0.279103274012508,0.29979681323402,0.253903113201243,0.314895018817357
