"Site.Code","Shannon.Index"
"CAX",2.99661481731316
"CSN",3.17408209577543
"MAS",2.99546826494666
"VB-",2.49172671840122
"BIF",2.49336438359656
"BBS",2.65995381033523
"NAK",2.36099118193547
"NNN",3.13852086781807
"YAS",3.29658961526562
"RNF",2.44428150559972
"UDZ",2.86541621538946
"BCI",2.89119582418772
"YAN",2.63182516192506
"COU",3.21965513595721
"KRP",2.93701825606091
"PSH",2.81617265601249
